two-two,user-vlan1,eth1,1001,2001
two-two,user-vlan2,eth1,1001,2001
two-two,user-vlan3,eth1,1001,2001
two-two,user-vlan4,eth1,1001,2001
two-two,user-vlan5,eth1,1001,2001
two-two,user-vlan6,eth1,1001,2001
two-two,user-vlan7,eth1,1001,2001
two-two,user-vlan8,eth1,1001,2001
two-two,user-vlan9,eth1,1001,2001
two-two,user-vlan10,eth1,1001,2001
two-two,user-vlan11,eth1,1001,2001
two-two,user-vlan12,eth1,1001,2001
two-two,user-vlan13,eth1,1001,2001
two-two,user-vlan14,eth1,1001,2001
two-two,user-vlan15,eth1,1001,2001
two-two,user-vlan16,eth1,1001,2001
two-two,user-vlan17,eth1,1001,2001
two-two,user-vlan18,eth1,1001,2001
two-two,user-vlan19,eth1,1001,2001
two-two,user-vlan20,eth1,1001,2001
two-two,user-vlan21,eth1,1001,2001
two-two,user-vlan22,eth1,1001,2001
two-two,user-vlan23,eth1,1001,2001
two-two,user-vlan24,eth1,1001,2001
two-two,user-vlan25,eth1,1001,2001
two-two,user-vlan26,eth1,1001,2001
two-two,user-vlan27,eth1,1001,2001
two-two,user-vlan28,eth1,1001,2001
two-two,user-vlan29,eth1,1001,2001
two-two,user-vlan30,eth1,1001,2001
two-two,user-vlan31,eth1,1001,2001
two-two,user-vlan32,eth1,1001,2001
two-two,user-vlan33,eth1,1001,2001
